Order_ID,Customer_Name,Email,City,Category,Product,Order_Date,Quantity,Payment_Method,Total_Sales
ORD0001,Customer 1,customer1@example.com,Visakhapatnam,Electronics,Laptop,2025-02-22,5,Net Banking,49533.38250000001
ORD0002,Customer 2,customer2@example.com,Tadepalligudem,Electronics,Keyboard,2025-04-30,1,Net Banking,1630.73
ORD0003,Customer 3,customer3@example.com,Delhi,Books,Novel,2025-08-03,4,Credit Card,2086.41
ORD0004,Customer 4,customer4@example.com,Visakhapatnam,Grocery,Snacks,2025-12-24,1,Cash,315.53
ORD0005,Customer 5,customer5@example.com,Chennai,Clothing,Jacket,2025-02-22,3,Upi,9053.4
ORD0006,Customer 6,customer6@example.com,Kolkata,Grocery,Rice,2025-05-16,6,Upi,7700.39
ORD0007,Customer 7,customer7@example.com,Bengaluru,Grocery,Rice,2025-11-18,7,Net Banking,7692.38
ORD0008,Customer 8,customer8@example.com,Tadepalligudem,Clothing,Jeans,2025-05-29,2,Upi,3272.99
ORD0009,Customer 9,customer9@example.com,Chennai,Furniture,Chair,2025-03-25,7,Debit Card,30101.23
ORD0010,Customer 10,customer10@example.com,Vijayawada,Clothing,Jeans,2025-11-08,5,Credit Card,9363.28
ORD0011,Customer 11,customer11@example.com,Bengaluru,Books,Textbook,2025-11-24,3,Net Banking,3572.83
ORD0012,Customer 12,customer12@example.com,Hyderabad,Furniture,Bookshelf,2025-06-11,1,Cash,6620.67
ORD0013,Customer 13,customer13@example.com,Kolkata,Clothing,T-Shirt,2025-06-11,4,Credit Card,3464.41
ORD0014,Customer 14,customer14@example.com,Visakhapatnam,Grocery,Oil,2025-05-07,8,Net Banking,5200.02
ORD0015,Customer 15,customer15@example.com,Mumbai,Books,Notebook,2025-07-05,7,Credit Card,1133.54
ORD0016,Customer 16,customer16@example.com,Hyderabad,Furniture,Table,2025-03-20,2,Credit Card,13665.03
ORD0017,Customer 17,customer17@example.com,Pune,Grocery,Rice,2025-09-28,7,Debit Card,8201.12
ORD0018,Customer 18,customer18@example.com,Delhi,Books,Novel,2025-05-17,2,Debit Card,1036.34
ORD0019,Customer 19,customer19@example.com,Hyderabad,Electronics,Smartphone,2025-05-15,7,Net Banking,49533.38250000001
ORD0020,Customer 20,customer20@example.com,Delhi,Furniture,Chair,2025-11-08,5,Credit Card,24037.51
ORD0021,Customer 21,customer21@example.com,Delhi,Furniture,Bookshelf,2025-01-01,3,Net Banking,21165.39
ORD0022,Customer 22,customer22@example.com,Chennai,Clothing,Shoes,2025-06-07,1,Credit Card,2305.93
ORD0023,Customer 23,customer23@example.com,Pune,Electronics,Headphones,2025-02-05,2,Net Banking,4585.65
ORD0024,Customer 24,customer24@example.com,Visakhapatnam,Furniture,Desk,2025-05-16,8,Net Banking,49533.38250000001
ORD0025,Customer 25,customer25@example.com,Tadepalligudem,Books,Comics,2025-06-09,4,Cash,1520.1
ORD0026,Customer 26,customer26@example.com,Tadepalligudem,Electronics,Shoes,2025-02-02,8,Debit Card,18484.02
ORD0027,Customer 27,customer27@example.com,Hyderabad,Electronics,Headphones,2025-04-28,4,Upi,9014.38
ORD0028,Customer 28,customer28@example.com,Bengaluru,Electronics,Smartphone,2025-12-09,2,Cash,44124.57
ORD0029,Customer 29,customer29@example.com,Pune,Furniture,Desk,2025-07-28,8,Credit Card,49533.38250000001
ORD0030,Customer 30,customer30@example.com,Mumbai,Electronics,Laptop,2025-08-28,7,Upi,49533.38250000001
ORD0031,Customer 31,customer31@example.com,Vijayawada,Electronics,Laptop,2025-05-08,7,Credit Card,49533.38250000001
ORD0032,Customer 32,customer32@example.com,Bengaluru,Furniture,Table,2025-08-25,3,Credit Card,19195.34
ORD0033,Customer 33,customer33@example.com,Delhi,Electronics,Keyboard,2025-01-08,2,Upi,3276.42
ORD0034,Customer 34,customer34@example.com,Tadepalligudem,Furniture,Desk,2025-07-25,7,Upi,49533.38250000001
ORD0035,Customer 35,customer35@example.com,Bengaluru,Furniture,Table,2025-08-21,1,Debit Card,7130.9
ORD0036,Customer 36,customer36@example.com,Tadepalligudem,Grocery,Oil,2025-01-30,3,Upi,1969.76
ORD0037,Customer 37,customer37@example.com,Kolkata,Books,Novel,2025-09-02,6,Net Banking,2734.3
ORD0038,Customer 38,customer38@example.com,Vijayawada,Books,Textbook,2025-04-06,1,Upi,1310.59
ORD0039,Customer 39,customer39@example.com,Kolkata,Books,Novel,2025-05-07,4,Net Banking,1961.51
ORD0040,Customer 40,customer40@example.com,Kolkata,Books,Novel,2025-10-17,2,Net Banking,983.84
ORD0041,Customer 41,customer41@example.com,Chennai,Clothing,Jacket,2025-05-03,4,Debit Card,13234.5
ORD0042,Customer 42,customer42@example.com,Vijayawada,Grocery,Coffee,2025-01-05,5,Cash,2230.75
ORD0043,Customer 43,customer43@example.com,Delhi,Books,Novel,2025-05-16,2,Credit Card,1007.53
ORD0044,Customer 44,customer44@example.com,Visakhapatnam,Clothing,T-Shirt,2025-08-13,4,Net Banking,3116.5
ORD0045,Customer 45,customer45@example.com,Vijayawada,Clothing,T-Shirt,2025-03-10,5,Debit Card,4345.4
ORD0046,Customer 46,customer46@example.com,Kolkata,Electronics,Laptop,2025-04-18,3,Credit Card,49533.38250000001
ORD0047,Customer 47,customer47@example.com,Hyderabad,Furniture,Bookshelf,2025-02-17,8,Cash,49533.38250000001
ORD0048,Customer 48,customer48@example.com,Visakhapatnam,Clothing,T-Shirt,2025-11-23,1,Debit Card,773.37
ORD0049,Customer 49,customer49@example.com,Vijayawada,Furniture,Table,2025-02-08,7,Credit Card,46054.25
ORD0050,Customer 50,customer50@example.com,Visakhapatnam,Books,Novel,2025-08-09,6,Credit Card,3049.51
ORD0051,Customer 51,customer51@example.com,Hyderabad,Electronics,Smartphone,2025-07-03,6,Credit Card,49533.38250000001
ORD0052,Customer 52,customer52@example.com,Mumbai,Furniture,Chair,2025-11-14,6,Credit Card,28512.63
ORD0053,Customer 53,customer53@example.com,Hyderabad,Furniture,Desk,2025-04-02,3,Debit Card,27445.22
ORD0054,Customer 54,customer54@example.com,Vijayawada,Grocery,Coffee,2025-07-15,5,Upi,2096.64
ORD0055,Customer 55,customer55@example.com,Pune,Grocery,Coffee,2025-06-29,4,Debit Card,1913.97
ORD0056,Customer 56,customer56@example.com,Mumbai,Furniture,Desk,2025-02-22,1,Debit Card,8772.06
ORD0057,Customer 57,customer57@example.com,Mumbai,Electronics,Smartphone,2025-12-14,6,Net Banking,49533.38250000001
ORD0058,Customer 58,customer58@example.com,Bengaluru,Clothing,T-Shirt,2025-04-02,2,Net Banking,1720.65
ORD0059,Customer 59,customer59@example.com,Chennai,Clothing,T-Shirt,2025-06-10,2,Cash,1630.9
ORD0060,Customer 60,customer60@example.com,Tadepalligudem,Books,Novel,2025-05-11,7,Upi,3779.65
ORD0061,Customer 61,customer61@example.com,Vijayawada,Grocery,Rice,2025-12-07,4,Debit Card,4669.65
ORD0062,Customer 62,customer62@example.com,Bengaluru,Books,Notebook,2025-09-17,2,Debit Card,313.19
ORD0063,Customer 63,customer63@example.com,Delhi,Grocery,Snacks,2025-03-07,7,Credit Card,2182.83
ORD0064,Customer 64,customer64@example.com,Bengaluru,Grocery,Oil,2025-07-27,3,Net Banking,2148.52
ORD0065,Customer 65,customer65@example.com,Kolkata,Electronics,Smartphone,2025-11-07,5,Debit Card,49533.38250000001
ORD0066,Customer 66,customer66@example.com,Delhi,Grocery,Oil,2025-02-22,8,Credit Card,5796.7
ORD0067,Customer 67,customer67@example.com,Tadepalligudem,Electronics,Smartphone,2025-12-11,6,Debit Card,49533.38250000001
ORD0068,Customer 68,customer68@example.com,Tadepalligudem,Furniture,Desk,2025-09-01,3,Net Banking,23074.57
ORD0069,Customer 69,customer69@example.com,Kolkata,Electronics,Keyboard,2025-04-10,7,Cash,13573.07
ORD0070,Customer 70,customer70@example.com,Hyderabad,Grocery,Oil,2025-02-24,4,Cash,2602.64
ORD0071,Customer 71,customer71@example.com,Tadepalligudem,Furniture,Desk,2025-03-04,8,Cash,49533.38250000001
ORD0072,Customer 72,customer72@example.com,Pune,Furniture,Table,2025-11-10,6,Net Banking,42510.31
ORD0073,Customer 73,customer73@example.com,Pune,Grocery,Oil,2025-08-19,3,Debit Card,2202.34
ORD0074,Customer 74,customer74@example.com,Bengaluru,Furniture,Bookshelf,2025-08-14,8,Upi,49533.38250000001
ORD0075,Customer 75,customer75@example.com,Delhi,Clothing,Jeans,2025-02-11,5,Credit Card,8704.53
ORD0076,Customer 76,Unknown,Tadepalligudem,Furniture,Desk,2025-02-02,7,Cash,49533.38250000001
ORD0077,Customer 77,customer77@example.com,Tadepalligudem,Grocery,Snacks,2025-08-04,8,Cash,2359.57
ORD0078,Customer 78,customer78@example.com,Chennai,Books,Novel,2025-06-02,7,Cash,3483.89
ORD0079,Customer 79,customer79@example.com,Mumbai,Grocery,Coffee,2025-09-06,8,Upi,3397.98
ORD0080,Customer 80,customer80@example.com,Pune,Grocery,Snacks,2025-03-07,7,Net Banking,2194.16
ORD0081,Customer 81,customer81@example.com,Hyderabad,Books,Novel,2025-02-12,7,Cash,3564.32
ORD0082,Customer 82,customer82@example.com,Mumbai,Furniture,Table,2025-06-17,3,Credit Card,17746.11
ORD0083,Customer 83,customer83@example.com,Mumbai,Grocery,Snacks,2025-05-23,6,Cash,1894.04
ORD0084,Customer 84,customer84@example.com,Delhi,Clothing,T-Shirt,2025-01-27,8,Debit Card,5784.81
ORD0085,Customer 85,customer85@example.com,Tadepalligudem,Furniture,Chair,2025-04-13,1,Upi,4728.81
ORD0086,Customer 86,customer86@example.com,Unknown,Books,Textbook,2025-10-16,4,Credit Card,4441.17
ORD0087,Customer 87,customer87@example.com,Kolkata,Grocery,Snacks,2025-02-28,6,Credit Card,1680.4
ORD0088,Customer 88,customer88@example.com,Kolkata,Clothing,T-Shirt,2025-12-13,1,Cash,868.62
ORD0089,Customer 89,customer89@example.com,Tadepalligudem,Grocery,Coffee,2025-02-22,2,Debit Card,916.58
ORD0090,Customer 90,customer90@example.com,Mumbai,Books,Novel,2025-12-05,1,Debit Card,484.72
ORD0091,Customer 91,customer91@example.com,Pune,Electronics,Smartphone,2025-02-24,1,Cash,23538.13
ORD0092,Customer 92,customer92@example.com,Delhi,Clothing,Shoes,2025-11-30,3,Debit Card,7403.23
ORD0093,Customer 93,customer93@example.com,Kolkata,Books,Comics,2025-05-18,8,Debit Card,2763.92
ORD0094,Customer 94,customer94@example.com,Tadepalligudem,Furniture,Chair,2025-08-26,5,Net Banking,24217.34
ORD0095,Customer 95,customer95@example.com,Chennai,Books,Comics,2025-04-04,6,Cash,1902.05
ORD0096,Customer 96,customer96@example.com,Kolkata,Furniture,Bookshelf,2025-12-26,5,Unknown,33882.37
ORD0097,Customer 97,customer97@example.com,Mumbai,Books,Novel,2025-09-08,4,Net Banking,1834.25
ORD0098,Customer 98,customer98@example.com,Hyderabad,Furniture,Table,2025-02-17,8,Debit Card,49533.38250000001
ORD0099,Customer 99,customer99@example.com,Kolkata,Furniture,Table,2025-07-08,4,Cash,24992.27
ORD0100,Customer 100,customer100@example.com,Delhi,Books,Notebook,2025-06-19,7,Debit Card,1154.29
ORD0101,Customer 101,customer101@example.com,Vijayawada,Grocery,Snacks,2025-04-09,5,Debit Card,1425.42
ORD0102,Customer 102,customer102@example.com,Pune,Electronics,Headphones,2025-05-22,4,Net Banking,9432.77
ORD0103,Customer 103,customer103@example.com,Bengaluru,Books,Notebook,2025-04-27,2,Debit Card,319.96
ORD0104,Customer 104,customer104@example.com,Visakhapatnam,Furniture,Bookshelf,2025-05-21,1,Upi,7291.23
ORD0105,Customer 105,customer105@example.com,Pune,Electronics,Smartphone,2025-02-22,3,Upi,49533.38250000001
ORD0106,Unknown,customer106@example.com,Chennai,Books,Notebook,2025-04-05,8,Upi,1194.89
ORD0107,Customer 107,customer107@example.com,Mumbai,Clothing,Shoes,2025-09-09,2,Upi,5322.12
ORD0108,Customer 108,customer108@example.com,Kolkata,Books,Novel,2025-06-05,3,Upi,1394.76
ORD0109,Customer 109,customer109@example.com,Kolkata,Furniture,Chair,2025-04-26,7,Net Banking,32169.8
ORD0110,Customer 110,customer110@example.com,Kolkata,Grocery,Oil,2025-08-08,8,Debit Card,5373.04
ORD0111,Customer 111,customer111@example.com,Tadepalligudem,Books,Novel,2025-11-17,2,Credit Card,1089.52
ORD0112,Customer 112,customer112@example.com,Delhi,Clothing,T-Shirt,2025-02-08,3,Credit Card,2275.14
ORD0113,Customer 113,customer113@example.com,Pune,Electronics,Keyboard,2025-05-30,8,Upi,14945.39
ORD0114,Customer 114,customer114@example.com,Pune,Furniture,Bookshelf,2025-02-06,5,Credit Card,36420.91
ORD0115,Customer 115,customer115@example.com,Tadepalligudem,Clothing,Jeans,2025-11-28,7,Credit Card,11629.24
ORD0116,Customer 116,customer116@example.com,Bengaluru,Clothing,Jeans,2025-11-01,5,Net Banking,3282.94
ORD0117,Customer 117,customer117@example.com,Bengaluru,Clothing,Shoes,2025-12-25,2,Cash,4968.7
ORD0118,Customer 118,customer118@example.com,Hyderabad,Clothing,Shoes,2025-08-10,8,Debit Card,18321.77
ORD0119,Customer 119,customer119@example.com,Kolkata,Books,Notebook,2025-10-28,1,Upi,137.74
ORD0120,Customer 120,customer120@example.com,Pune,Clothing,T-Shirt,2025-05-23,3,Credit Card,2385.84
ORD0121,Customer 121,customer121@example.com,Pune,Books,Comics,2025-06-28,8,Cash,3062.67
ORD0122,Customer 122,customer122@example.com,Chennai,Clothing,Jacket,2025-07-30,2,Cash,6857.9
ORD0123,Customer 123,customer123@example.com,Chennai,Clothing,Shoes,2025-05-10,1,Debit Card,2477.41
ORD0124,Customer 124,customer124@example.com,Delhi,Electronics,Keyboard,2025-08-25,1,Cash,1856.76
ORD0125,Customer 125,customer125@example.com,Pune,Electronics,Headphones,2025-11-17,6,Cash,15367.9
ORD0126,Customer 126,customer126@example.com,Bengaluru,Electronics,Headphones,2025-08-13,5,Cash,6850.174999999999
ORD0127,Customer 127,customer127@example.com,Bengaluru,Electronics,Laptop,2025-10-10,4,Upi,49533.38250000001
ORD0128,Customer 128,customer128@example.com,Vijayawada,Books,Comics,2025-08-25,2,Upi,661.46
ORD0129,Customer 129,customer129@example.com,Bengaluru,Furniture,Table,2025-08-01,5,Cash,32557.67
ORD0130,Customer 130,customer130@example.com,Mumbai,Grocery,Coffee,2025-04-08,8,Net Banking,3636.91
ORD0131,Customer 131,customer131@example.com,Mumbai,Books,Textbook,2025-06-24,2,Net Banking,2292.6
ORD0132,Customer 132,customer132@example.com,Kolkata,Clothing,T-Shirt,2025-10-24,5,Cash,4180.84
ORD0133,Customer 133,customer133@example.com,Delhi,Furniture,Table,2025-10-06,8,Cash,49533.38250000001
ORD0134,Customer 134,customer134@example.com,Tadepalligudem,Grocery,Snacks,2025-10-20,4,Cash,1315.39
ORD0135,Customer 135,customer135@example.com,Pune,Furniture,Table,2025-12-28,1,Cash,6263.63
ORD0136,Customer 136,customer136@example.com,Visakhapatnam,Grocery,Coffee,2025-09-15,8,Net Banking,49533.38250000001
ORD0137,Customer 137,customer137@example.com,Pune,Clothing,T-Shirt,2025-01-08,8,Credit Card,5887.63
ORD0138,Customer 138,customer138@example.com,Bengaluru,Grocery,Coffee,2025-06-23,2,Net Banking,894.51
ORD0139,Customer 139,customer139@example.com,Delhi,Grocery,Rice,2025-07-14,6,Debit Card,7707.37
ORD0140,Customer 140,customer140@example.com,Bengaluru,Grocery,Rice,2025-04-27,2,Upi,2272.69
ORD0141,Customer 141,customer141@example.com,Bengaluru,Grocery,Rice,2025-01-15,2,Upi,2372.97
ORD0142,Customer 142,customer142@example.com,Mumbai,Clothing,T-Shirt,2025-03-16,5,Credit Card,3886.77
ORD0143,Customer 143,customer143@example.com,Vijayawada,Books,Comics,2025-11-09,3,Cash,980.7
ORD0144,Customer 144,customer144@example.com,Visakhapatnam,Books,Textbook,2025-04-29,8,Cash,10392.63
ORD0145,Customer 145,customer145@example.com,Pune,Clothing,Shoes,2025-05-28,5,Net Banking,12917.1
ORD0146,Customer 146,customer146@example.com,Kolkata,Furniture,Chair,2025-06-03,8,Cash,39205.7
ORD0147,Customer 147,customer147@example.com,Mumbai,Clothing,Shoes,2025-09-05,5,Upi,11748.04
ORD0148,Customer 148,customer148@example.com,Bengaluru,Furniture,Table,2025-01-12,6,Cash,39583.53
ORD0149,Customer 149,customer149@example.com,Pune,Clothing,T-Shirt,2025-05-27,1,Credit Card,865.7
ORD0150,Customer 150,customer150@example.com,Kolkata,Books,Notebook,2025-05-09,4,Credit Card,616.39
ORD0151,Customer 151,customer151@example.com,Hyderabad,Electronics,Laptop,2025-10-24,5,Debit Card,49533.38250000001
ORD0152,Customer 152,customer152@example.com,Mumbai,Furniture,Chair,2025-03-31,5,Credit Card,21720.24
ORD0153,Customer 153,customer153@example.com,Bengaluru,Furniture,Bookshelf,2025-09-04,5,Debit Card,37313.31
ORD0154,Customer 154,customer154@example.com,Visakhapatnam,Clothing,T-Shirt,2025-04-26,8,Cash,6992.5
ORD0155,Customer 155,customer155@example.com,Hyderabad,Books,Notebook,2025-05-16,2,Net Banking,317.44
ORD0156,Customer 156,customer156@example.com,Bengaluru,Electronics,Keyboard,2025-10-27,6,Cash,11173.31
ORD0157,Customer 157,customer157@example.com,Kolkata,Clothing,T-Shirt,2025-10-15,4,Debit Card,3181.75
ORD0158,Customer 158,customer158@example.com,Pune,Books,Textbook,2025-12-25,2,Debit Card,2464.99
ORD0159,Customer 159,customer159@example.com,Hyderabad,Grocery,Rice,2025-06-05,3,Cash,3272.65
ORD0160,Customer 160,customer160@example.com,Visakhapatnam,Electronics,Laptop,2025-07-18,4,Cash,49533.38250000001
ORD0161,Customer 161,customer161@example.com,Vijayawada,Clothing,Shoes,2025-09-08,3,Net Banking,8078.12
ORD0162,Customer 162,customer162@example.com,Tadepalligudem,Grocery,Snacks,2025-08-16,1,Cash,311.42
ORD0163,Customer 163,customer163@example.com,Chennai,Furniture,Bookshelf,2025-10-06,2,Debit Card,15346.6
ORD0164,Customer 164,customer164@example.com,Vijayawada,Electronics,Keyboard,2025-08-21,5,Upi,8441.66
ORD0165,Customer 165,customer165@example.com,Tadepalligudem,Furniture,Chair,2025-03-06,1,Net Banking,4758.12
ORD0166,Customer 166,customer166@example.com,Tadepalligudem,Furniture,Chair,2025-06-18,4,Credit Card,18310.98
ORD0167,Customer 167,customer167@example.com,Visakhapatnam,Books,Novel,2025-03-08,5,Net Banking,2679.2
ORD0168,Customer 168,customer168@example.com,Hyderabad,Clothing,Jeans,2025-03-09,2,Upi,3715.96
ORD0169,Customer 169,customer169@example.com,Bengaluru,Clothing,Jeans,2025-01-27,6,Credit Card,9754.09
ORD0170,Customer 170,customer170@example.com,Chennai,Grocery,Rice,2025-09-20,2,Net Banking,2388.6
ORD0171,Customer 171,customer171@example.com,Hyderabad,Electronics,Keyboard,2025-12-04,4,Net Banking,7841.4
ORD0172,Customer 172,customer172@example.com,Pune,Clothing,Shoes,2025-07-25,1,Cash,2280.41
ORD0173,Customer 173,customer173@example.com,Vijayawada,Electronics,Keyboard,2025-06-14,8,Net Banking,13171.65
ORD0174,Customer 174,customer174@example.com,Kolkata,Furniture,Chair,2025-10-08,3,Debit Card,12892.54
ORD0175,Customer 175,customer175@example.com,Mumbai,Grocery,Snacks,2025-02-20,8,Upi,2402.66
ORD0176,Customer 176,customer176@example.com,Tadepalligudem,Books,Textbook,2025-07-31,7,Debit Card,8318.61
ORD0177,Customer 177,customer177@example.com,Chennai,Grocery,Oil,2025-08-07,7,Debit Card,5125.02
ORD0178,Customer 178,customer178@example.com,Pune,Clothing,Jacket,2025-02-04,3,Upi,9958.7
ORD0179,Customer 179,customer179@example.com,Chennai,Electronics,Laptop,2025-03-08,7,Net Banking,49533.38250000001
ORD0180,Customer 180,customer180@example.com,Mumbai,Electronics,Smartphone,2025-01-27,2,Debit Card,43215.12
ORD0181,Customer 181,customer181@example.com,Delhi,Books,Notebook,2025-04-19,6,Credit Card,828.65
ORD0182,Customer 182,customer182@example.com,Delhi,Grocery,Coffee,2025-07-08,2,Upi,873.02
ORD0183,Customer 183,customer183@example.com,Kolkata,Clothing,Jeans,2025-11-11,7,Net Banking,13469.79
ORD0184,Customer 184,customer184@example.com,Bengaluru,Electronics,Smartphone,2025-06-23,1,Debit Card,20593.83
ORD0185,Customer 185,customer185@example.com,Mumbai,Electronics,Headphones,2025-02-05,3,Credit Card,7599.48
ORD0186,Customer 186,customer186@example.com,Pune,Electronics,Laptop,2025-06-24,4,Credit Card,49533.38250000001
ORD0187,Customer 187,customer187@example.com,Kolkata,Clothing,Jacket,2025-11-02,6,Upi,20263.05
ORD0188,Customer 188,customer188@example.com,Hyderabad,Electronics,Headphones,2025-12-12,3,Upi,7881.65
ORD0189,Customer 189,customer189@example.com,Pune,Clothing,Shoes,2025-08-01,7,Debit Card,17449.82
ORD0190,Customer 190,customer190@example.com,Bengaluru,Furniture,Chair,2025-12-14,6,Net Banking,26621.53
ORD0191,Customer 191,customer191@example.com,Kolkata,Grocery,Snacks,2025-01-29,1,Upi,283.23
ORD0192,Customer 192,customer192@example.com,Bengaluru,Furniture,Bookshelf,2025-05-29,4,Debit Card,29497.16
ORD0193,Customer 193,customer193@example.com,Visakhapatnam,Electronics,Laptop,2025-03-08,8,Cash,49533.38250000001
ORD0194,Customer 194,customer194@example.com,Hyderabad,Books,Textbook,2025-08-12,6,Upi,6583.79
ORD0195,Customer 195,customer195@example.com,Kolkata,Grocery,Rice,2025-07-27,6,Cash,7309.09
ORD0196,Customer 196,customer196@example.com,Chennai,Clothing,T-Shirt,2025-03-29,7,Net Banking,5063.36
ORD0197,Customer 197,customer197@example.com,Vijayawada,Grocery,Snacks,2025-05-05,2,Cash,592.41
ORD0198,Customer 198,customer198@example.com,Bengaluru,Books,Comics,2025-06-23,2,Credit Card,685.41
ORD0199,Customer 199,customer199@example.com,Vijayawada,Clothing,Jeans,2025-09-29,2,Net Banking,3607.55
ORD0200,Customer 200,customer200@example.com,Visakhapatnam,Furniture,Bookshelf,2025-05-01,6,Upi,43909.98
ORD0202,Customer 202,customer202@example.com,Kolkata,Furniture,Table,2025-08-18,8,Net Banking,49533.38250000001
ORD0203,Customer 203,customer203@example.com,Vijayawada,Books,Notebook,2025-08-29,6,Cash,837.17
ORD0204,Customer 204,customer204@example.com,Vijayawada,Clothing,Jacket,2025-06-08,1,Cash,3105.24
ORD0205,Customer 205,customer205@example.com,Bengaluru,Grocery,Rice,2025-02-09,1,Upi,1168.5
ORD0206,Customer 206,customer206@example.com,Hyderabad,Books,Comics,2025-08-19,8,Net Banking,2844.98
ORD0207,Customer 207,customer207@example.com,Hyderabad,Furniture,Bookshelf,2025-08-19,8,Upi,49533.38250000001
ORD0208,Customer 208,customer208@example.com,Pune,Clothing,T-Shirt,2025-08-13,3,Net Banking,2178.79
ORD0209,Customer 209,customer209@example.com,Bengaluru,Books,Textbook,2025-07-18,6,Cash,7016.91
ORD0210,Customer 210,customer210@example.com,Vijayawada,Clothing,T-Shirt,2025-10-13,6,Cash,4383.28
ORD0211,Customer 211,customer211@example.com,Kolkata,Clothing,Jacket,2025-12-06,3,Credit Card,9280.06
ORD0212,Customer 212,customer212@example.com,Vijayawada,Clothing,Jacket,2025-06-08,7,Net Banking,20737.7
ORD0213,Customer 213,customer213@example.com,Delhi,Grocery,Snacks,2025-02-17,3,Cash,930.62
ORD0214,Customer 214,customer214@example.com,Visakhapatnam,Books,Notebook,2025-04-20,1,Debit Card,145.88
ORD0215,Customer 215,customer215@example.com,Visakhapatnam,Grocery,Coffee,2025-02-09,4,Debit Card,1979.99
ORD0216,Customer 216,customer216@example.com,Kolkata,Electronics,Laptop,2025-03-09,6,Net Banking,49533.38250000001
ORD0217,Customer 217,customer217@example.com,Kolkata,Grocery,Coffee,2025-03-26,3,Cash,1263.83
ORD0218,Customer 218,customer218@example.com,Tadepalligudem,Electronics,Keyboard,2025-08-16,6,Net Banking,11180.94
ORD0219,Customer 219,customer219@example.com,Bengaluru,Clothing,Shoes,2025-08-29,4,Credit Card,10068.02
ORD0220,Customer 220,customer220@example.com,Mumbai,Clothing,Shoes,2025-09-15,8,Net Banking,21077.75
ORD0221,Customer 221,customer221@example.com,Visakhapatnam,Grocery,Coffee,2025-05-09,4,Upi,1908.45
ORD0222,Customer 222,customer222@example.com,Delhi,Grocery,Snacks,2025-03-05,2,Debit Card,625.37
ORD0223,Customer 223,customer223@example.com,Delhi,Electronics,Headphones,2025-03-17,5,Cash,12373.3
ORD0224,Customer 224,customer224@example.com,Hyderabad,Electronics,Headphones,2025-08-01,8,Upi,21538.52
ORD0225,Customer 225,customer225@example.com,Vijayawada,Grocery,Snacks,2025-07-11,4,Credit Card,1172.68
ORD0226,Customer 226,customer226@example.com,Chennai,Electronics,Smartphone,2025-03-16,2,Credit Card,46984.75
ORD0227,Customer 227,customer227@example.com,Visakhapatnam,Electronics,Smartphone,2025-12-28,8,Cash,49533.38250000001
ORD0228,Customer 228,customer228@example.com,Tadepalligudem,Grocery,Rice,2025-03-18,2,Net Banking,2169.12
ORD0229,Customer 229,customer229@example.com,Tadepalligudem,Books,Comics,2025-06-04,2,Upi,738.66
ORD0230,Customer 230,customer230@example.com,Kolkata,Electronics,Headphones,2025-08-23,7,Upi,17986.33
ORD0231,Customer 231,customer231@example.com,Kolkata,Electronics,Keyboard,2025-05-04,1,Credit Card,1847.5
ORD0232,Customer 232,customer232@example.com,Tadepalligudem,Clothing,Shoes,2025-10-20,1,Cash,2557.4
ORD0233,Customer 233,customer233@example.com,Delhi,Furniture,Chair,2025-10-06,6,Net Banking,24665.47
ORD0234,Customer 234,customer234@example.com,Hyderabad,Books,Novel,2025-11-22,7,Cash,3761.33
ORD0235,Customer 235,customer235@example.com,Vijayawada,Clothing,Jacket,2025-06-26,1,Credit Card,3108.54
ORD0236,Customer 236,customer236@example.com,Delhi,Electronics,Smartphone,2025-06-23,3,Credit Card,49533.38250000001
ORD0237,Customer 237,customer237@example.com,Vijayawada,Grocery,Oil,2025-08-23,3,Upi,2230.83
ORD0238,Customer 238,customer238@example.com,Hyderabad,Clothing,Jeans,2025-06-11,1,Debit Card,1904.8
ORD0239,Customer 239,customer239@example.com,Tadepalligudem,Books,Comics,2025-05-27,8,Debit Card,2661.86
ORD0240,Customer 240,customer240@example.com,Chennai,Electronics,Smartphone,2025-08-12,5,Cash,49533.38250000001
ORD0241,Customer 241,customer241@example.com,Pune,Grocery,Oil,2025-12-21,6,Cash,4597.93
ORD0242,Customer 242,customer242@example.com,Vijayawada,Clothing,Jacket,2025-08-09,2,Net Banking,6690.66
ORD0243,Customer 243,customer243@example.com,Chennai,Furniture,Bookshelf,2025-12-05,6,Debit Card,38661.82
ORD0244,Customer 244,customer244@example.com,Pune,Clothing,Shoes,2025-06-29,7,Cash,16333.26
ORD0245,Customer 245,customer245@example.com,Hyderabad,Electronics,Smartphone,2025-02-08,7,Cash,49533.38250000001
ORD0246,Customer 246,customer246@example.com,Kolkata,Clothing,Jeans,2025-12-14,1,Cash,1671.4
ORD0247,Customer 247,customer247@example.com,Chennai,Electronics,Headphones,2025-07-05,2,Cash,4736.0
ORD0248,Customer 248,customer248@example.com,Chennai,Books,Novel,2025-07-10,3,Cash,1553.72
ORD0249,Customer 249,customer249@example.com,Bengaluru,Electronics,Headphones,2025-05-08,6,Upi,14694.1
ORD0250,Customer 250,customer250@example.com,Delhi,Electronics,Headphones,2025-03-02,8,Debit Card,20070.98
ORD0251,Customer 251,customer251@example.com,Bengaluru,Clothing,Shoes,2025-12-22,4,Cash,10992.73
ORD0252,Customer 252,customer252@example.com,Pune,Furniture,Chair,2025-03-30,3,Cash,14452.63
ORD0253,Customer 253,customer253@example.com,Delhi,Electronics,Smartphone,2025-10-05,6,Debit Card,49533.38250000001
ORD0254,Customer 254,customer254@example.com,Delhi,Clothing,Jeans,2025-04-25,3,Upi,5717.19
ORD0255,Customer 255,customer255@example.com,Hyderabad,Furniture,Desk,2025-07-04,4,Net Banking,35974.54
ORD0256,Customer 256,customer256@example.com,Delhi,Books,Notebook,2025-03-08,8,Net Banking,1272.88
ORD0257,Customer 257,customer257@example.com,Pune,Electronics,Laptop,2025-09-27,5,Cash,49533.38250000001
ORD0258,Customer 258,customer258@example.com,Vijayawada,Grocery,Rice,2025-08-19,3,Cash,3940.11
ORD0259,Customer 259,customer259@example.com,Delhi,Books,Notebook,2025-11-24,3,Net Banking,484.02
ORD0260,Customer 260,customer260@example.com,Hyderabad,Furniture,Desk,2025-03-05,7,Net Banking,49533.38250000001
ORD0261,Customer 261,customer261@example.com,Tadepalligudem,Furniture,Bookshelf,2025-06-27,3,Net Banking,19580.26
ORD0262,Customer 262,customer262@example.com,Delhi,Clothing,T-Shirt,2025-05-21,5,Credit Card,3757.04
ORD0263,Customer 263,customer263@example.com,Kolkata,Clothing,T-Shirt,2025-03-20,3,Credit Card,2444.07
ORD0264,Customer 264,customer264@example.com,Hyderabad,Books,Notebook,2025-02-11,1,Upi,159.76
ORD0265,Customer 265,customer265@example.com,Mumbai,Books,Notebook,2025-11-13,4,Upi,632.04
ORD0266,Customer 266,customer266@example.com,Mumbai,Grocery,Snacks,2025-06-02,5,Cash,1494.88
ORD0267,Customer 267,customer267@example.com,Pune,Electronics,Laptop,2025-08-26,3,Credit Card,49533.38250000001
ORD0268,Customer 268,customer268@example.com,Chennai,Clothing,Jeans,2025-06-26,6,Cash,11580.81
ORD0269,Customer 269,customer269@example.com,Pune,Furniture,Bookshelf,2025-03-04,2,Debit Card,13493.52
ORD0270,Customer 270,customer270@example.com,Bengaluru,Grocery,Coffee,2025-07-16,3,Net Banking,1241.14
ORD0271,Customer 271,customer271@example.com,Kolkata,Grocery,Coffee,2025-06-10,3,Credit Card,1434.64
ORD0272,Customer 272,customer272@example.com,Bengaluru,Furniture,Table,2025-09-12,8,Upi,49533.38250000001
ORD0273,Customer 273,customer273@example.com,Tadepalligudem,Electronics,Keyboard,2025-10-26,8,Debit Card,15744.06
ORD0274,Customer 274,customer274@example.com,Pune,Electronics,Laptop,2025-05-27,5,Net Banking,49533.38250000001
ORD0275,Customer 275,customer275@example.com,Bengaluru,Electronics,Laptop,2025-07-07,7,Cash,49533.38250000001
ORD0276,Customer 276,customer276@example.com,Delhi,Clothing,T-Shirt,2025-04-10,7,Debit Card,5097.3
ORD0277,Customer 277,customer277@example.com,Pune,Books,Notebook,2025-10-09,2,Debit Card,293.18
ORD0278,Customer 278,customer278@example.com,Mumbai,Books,Novel,2025-07-11,3,Debit Card,1642.52
ORD0279,Customer 279,customer279@example.com,Delhi,Books,Notebook,2025-07-25,3,Net Banking,422.92
ORD0280,Customer 280,customer280@example.com,Chennai,Electronics,Laptop,2025-08-31,1,Net Banking,49533.38250000001
ORD0281,Customer 281,customer281@example.com,Kolkata,Grocery,Coffee,2025-06-13,3,Credit Card,1303.55
ORD0282,Customer 282,customer282@example.com,Delhi,Grocery,Snacks,2025-09-30,6,Cash,1802.63
ORD0283,Customer 283,customer283@example.com,Chennai,Books,Notebook,2025-06-19,8,Upi,1275.78
ORD0284,Customer 284,customer284@example.com,Bengaluru,Grocery,Snacks,2025-12-02,1,Net Banking,305.81
ORD0285,Customer 285,customer285@example.com,Visakhapatnam,Books,Textbook,2025-09-26,1,Net Banking,1220.05
ORD0286,Customer 286,customer286@example.com,Vijayawada,Grocery,Coffee,2025-04-08,4,Upi,1631.37
ORD0287,Customer 287,customer287@example.com,Tadepalligudem,Grocery,Snacks,2025-07-30,7,Net Banking,1953.6
ORD0288,Customer 288,customer288@example.com,Delhi,Books,Comics,2025-04-17,1,Net Banking,364.4
ORD0289,Customer 289,customer289@example.com,Visakhapatnam,Clothing,Shoes,2025-08-24,7,Net Banking,16848.13
ORD0290,Customer 290,customer290@example.com,Tadepalligudem,Clothing,Jacket,2025-05-07,5,Debit Card,16352.25
ORD0291,Customer 291,customer291@example.com,Bengaluru,Books,Notebook,2025-05-28,4,Credit Card,652.98
ORD0292,Customer 292,customer292@example.com,Bengaluru,Grocery,Snacks,2025-05-28,8,Upi,2327.43
ORD0293,Customer 293,customer293@example.com,Visakhapatnam,Books,Comics,2025-05-29,7,Upi,2606.0
ORD0294,Customer 294,customer294@example.com,Bengaluru,Clothing,T-Shirt,2025-09-03,6,Credit Card,5207.05
ORD0295,Customer 295,customer295@example.com,Kolkata,Furniture,Bookshelf,2025-10-28,5,Credit Card,32460.91
ORD0296,Customer 296,customer296@example.com,Hyderabad,Furniture,Chair,2025-02-21,4,Cash,18496.6
ORD0297,Customer 297,customer297@example.com,Visakhapatnam,Clothing,Shoes,2025-01-03,2,Net Banking,5181.19
ORD0298,Customer 298,customer298@example.com,Tadepalligudem,Furniture,Table,2025-05-28,8,Debit Card,49533.38250000001
ORD0299,Customer 299,customer299@example.com,Tadepalligudem,Clothing,T-Shirt,2025-10-01,2,Upi,1648.74
ORD0300,Customer 300,customer300@example.com,Hyderabad,Furniture,Table,2025-07-23,3,Cash,21192.3
ORD0301,Customer 301,customer301@example.com,Kolkata,Furniture,Bookshelf,2025-11-05,1,Upi,6312.97
ORD0302,Customer 302,customer302@example.com,Delhi,Clothing,Jacket,2025-09-26,8,Cash,28104.19
ORD0303,Customer 303,customer303@example.com,Vijayawada,Furniture,Table,2025-06-19,5,Credit Card,30503.27
ORD0304,Customer 304,customer304@example.com,Chennai,Grocery,Snacks,2025-06-01,3,Net Banking,812.54
ORD0305,Customer 305,customer305@example.com,Delhi,Furniture,Desk,2025-06-17,7,Upi,49533.38250000001
ORD0306,Customer 306,customer306@example.com,Pune,Grocery,Rice,2025-06-15,3,Credit Card,3946.81
ORD0307,Customer 307,customer307@example.com,Bengaluru,Electronics,Smartphone,2025-06-18,7,Debit Card,49533.38250000001
ORD0308,Customer 308,customer308@example.com,Tadepalligudem,Books,Novel,2025-02-01,5,Upi,2576.84
ORD0309,Customer 309,customer309@example.com,Delhi,Grocery,Snacks,2025-12-27,3,Debit Card,882.97
ORD0310,Customer 310,customer310@example.com,Tadepalligudem,Electronics,Smartphone,2025-03-10,6,Cash,49533.38250000001
ORD0311,Customer 311,customer311@example.com,Delhi,Furniture,Table,2025-08-30,6,Net Banking,38343.6
ORD0312,Customer 312,customer312@example.com,Delhi,Furniture,Desk,2025-12-27,2,Debit Card,17086.72
ORD0313,Customer 313,customer313@example.com,Delhi,Electronics,Laptop,2025-04-14,1,Net Banking,49533.38250000001
ORD0314,Customer 314,customer314@example.com,Delhi,Books,Textbook,2025-08-15,3,Upi,3476.24
ORD0315,Customer 315,customer315@example.com,Pune,Furniture,Table,2025-01-29,2,Cash,14037.11
ORD0316,Customer 316,customer316@example.com,Delhi,Furniture,Table,2025-08-25,8,Debit Card,49533.38250000001
ORD0317,Customer 317,customer317@example.com,Tadepalligudem,Electronics,Keyboard,2025-10-24,5,Upi,9569.62
ORD0318,Customer 318,customer318@example.com,Delhi,Electronics,Keyboard,2025-01-31,6,Upi,11232.83
ORD0319,Customer 319,customer319@example.com,Visakhapatnam,Grocery,Rice,2025-11-25,5,Cash,5890.64
ORD0320,Customer 320,customer320@example.com,Mumbai,Clothing,Shoes,2025-07-12,8,Upi,21478.48
ORD0321,Customer 321,customer321@example.com,Delhi,Books,Textbook,2025-07-21,6,Net Banking,6650.83
ORD0322,Customer 322,customer322@example.com,Bengaluru,Furniture,Desk,2025-08-26,1,Net Banking,8935.51
ORD0323,Customer 323,customer323@example.com,Chennai,Grocery,Oil,2025-03-21,4,Debit Card,2658.61
ORD0324,Customer 324,customer324@example.com,Mumbai,Furniture,Chair,2025-11-11,1,Upi,4778.53
ORD0325,Customer 325,customer325@example.com,Hyderabad,Furniture,Desk,2025-08-17,2,Net Banking,15643.05
ORD0326,Customer 326,customer326@example.com,Tadepalligudem,Electronics,Headphones,2025-10-04,1,Credit Card,2451.13
ORD0327,Customer 327,customer327@example.com,Kolkata,Electronics,Headphones,2025-06-13,5,Net Banking,11835.4
ORD0328,Customer 328,customer328@example.com,Visakhapatnam,Books,Notebook,2025-12-05,4,Net Banking,576.21
ORD0329,Customer 329,customer329@example.com,Delhi,Furniture,Table,2025-10-30,5,Credit Card,31038.5
ORD0330,Customer 330,customer330@example.com,Mumbai,Grocery,Oil,2025-09-26,1,Debit Card,766.12
ORD0331,Customer 331,customer331@example.com,Visakhapatnam,Grocery,Oil,2025-10-03,3,Cash,2015.95
ORD0332,Customer 332,customer332@example.com,Visakhapatnam,Furniture,Desk,2025-08-26,5,Upi,45539.1
ORD0333,Customer 333,customer333@example.com,Visakhapatnam,Books,Comics,2025-07-18,7,Credit Card,2478.07
ORD0334,Customer 334,customer334@example.com,Pune,Clothing,Jeans,2025-07-09,6,Upi,11116.88
ORD0335,Customer 335,customer335@example.com,Kolkata,Books,Textbook,2025-11-05,1,Upi,1144.43
ORD0336,Customer 336,customer336@example.com,Chennai,Electronics,Headphones,2025-06-05,4,Upi,9958.79
ORD0337,Customer 337,customer337@example.com,Pune,Furniture,Desk,2025-05-05,2,Net Banking,17839.39
ORD0338,Customer 338,customer338@example.com,Bengaluru,Furniture,Table,2025-07-14,4,Cash,26270.81
ORD0339,Customer 339,customer339@example.com,Delhi,Books,Notebook,2025-09-12,5,Cash,714.23
ORD0340,Customer 340,customer340@example.com,Chennai,Electronics,Keyboard,2025-06-10,6,Cash,11694.95
ORD0341,Customer 341,customer341@example.com,Delhi,Electronics,Headphones,2025-10-27,3,Net Banking,6774.33
ORD0342,Customer 342,customer342@example.com,Tadepalligudem,Grocery,Snacks,2025-07-14,3,Net Banking,845.31
ORD0343,Customer 343,customer343@example.com,Pune,Furniture,Table,2025-11-25,6,Cash,37107.15
ORD0344,Customer 344,customer344@example.com,Delhi,Grocery,Coffee,2025-09-08,6,Credit Card,2521.4
ORD0345,Customer 345,customer345@example.com,Vijayawada,Books,Novel,2025-12-09,1,Upi,533.91
ORD0346,Customer 346,customer346@example.com,Tadepalligudem,Electronics,Keyboard,2025-02-04,3,Credit Card,5769.95
ORD0347,Customer 347,customer347@example.com,Kolkata,Electronics,Headphones,2025-11-23,8,Net Banking,19492.8
ORD0348,Customer 348,customer348@example.com,Delhi,Grocery,Oil,2025-07-30,1,Upi,630.93
ORD0349,Customer 349,customer349@example.com,Mumbai,Electronics,Smartphone,2025-04-02,5,Upi,49533.38250000001
ORD0350,Customer 350,customer350@example.com,Delhi,Electronics,Headphones,2025-05-10,4,Debit Card,9383.86
ORD0351,Customer 351,customer351@example.com,Mumbai,Clothing,Shoes,2025-08-24,2,Net Banking,4873.05
ORD0352,Customer 352,customer352@example.com,Vijayawada,Furniture,Desk,2025-12-01,5,Upi,44064.35
ORD0353,Customer 353,customer353@example.com,Pune,Electronics,Keyboard,2025-01-29,7,Upi,12290.47
ORD0354,Customer 354,customer354@example.com,Chennai,Furniture,Chair,2025-10-17,8,Upi,38486.37
ORD0355,Customer 355,customer355@example.com,Kolkata,Books,Novel,2025-09-01,4,Debit Card,1884.57
ORD0356,Customer 356,customer356@example.com,Kolkata,Electronics,Laptop,2025-12-03,5,Upi,49533.38250000001
ORD0357,Customer 357,customer357@example.com,Kolkata,Furniture,Bookshelf,2025-03-15,1,Cash,7646.06
ORD0358,Customer 358,customer358@example.com,Kolkata,Electronics,Smartphone,2025-07-19,3,Net Banking,49533.38250000001
ORD0359,Customer 359,customer359@example.com,Vijayawada,Clothing,Shoes,2025-09-14,3,Debit Card,7935.75
ORD0360,Customer 360,customer360@example.com,Vijayawada,Electronics,Laptop,2025-06-24,7,Net Banking,49533.38250000001
ORD0361,Customer 361,customer361@example.com,Bengaluru,Books,Comics,2025-08-19,6,Cash,1902.44
ORD0362,Customer 362,customer362@example.com,Kolkata,Furniture,Bookshelf,2025-12-05,7,Cash,48332.11
ORD0363,Customer 363,customer363@example.com,Vijayawada,Electronics,Smartphone,2025-05-18,4,Credit Card,49533.38250000001
ORD0364,Customer 364,customer364@example.com,Vijayawada,Grocery,Coffee,2025-02-16,7,Upi,3034.51
ORD0365,Customer 365,customer365@example.com,Vijayawada,Clothing,Shoes,2025-03-09,6,Upi,15784.04
ORD0366,Customer 366,customer366@example.com,Delhi,Furniture,Table,2025-07-28,8,Upi,49533.38250000001
ORD0367,Customer 367,customer367@example.com,Kolkata,Electronics,Laptop,2025-11-03,6,Debit Card,49533.38250000001
ORD0368,Customer 368,customer368@example.com,Vijayawada,Grocery,Rice,2025-10-14,5,Credit Card,5896.57
ORD0369,Customer 369,customer369@example.com,Bengaluru,Books,Textbook,2025-06-04,7,Debit Card,7844.76
ORD0370,Customer 370,customer370@example.com,Bengaluru,Grocery,Coffee,2025-08-04,2,Debit Card,840.1
ORD0371,Customer 371,customer371@example.com,Tadepalligudem,Grocery,Rice,2025-11-17,6,Cash,6842.45
ORD0372,Customer 372,customer372@example.com,Bengaluru,Books,Textbook,2025-01-04,8,Cash,8845.39
ORD0373,Customer 373,customer373@example.com,Mumbai,Clothing,Shoes,2025-11-30,6,Net Banking,14820.67
ORD0374,Customer 374,customer374@example.com,Tadepalligudem,Furniture,Bookshelf,2025-09-03,6,Debit Card,42866.97
ORD0375,Customer 375,customer375@example.com,Pune,Furniture,Table,2025-10-22,6,Credit Card,37373.3
ORD0376,Customer 376,customer376@example.com,Mumbai,Clothing,Shoes,2025-07-06,5,Upi,13291.24
ORD0377,Customer 377,customer377@example.com,Delhi,Books,Textbook,2025-01-14,3,Cash,3730.83
ORD0378,Customer 378,customer378@example.com,Vijayawada,Furniture,Table,2025-07-29,5,Cash,34653.33
ORD0379,Customer 379,customer379@example.com,Visakhapatnam,Furniture,Bookshelf,2025-08-05,4,Cash,26615.02
ORD0380,Customer 380,customer380@example.com,Delhi,Electronics,Keyboard,2025-09-17,8,Cash,14636.86
ORD0381,Customer 381,customer381@example.com,Delhi,Books,Novel,2025-11-01,6,Upi,3120.98
ORD0382,Customer 382,customer382@example.com,Kolkata,Electronics,Headphones,2025-01-23,6,Net Banking,13999.02
ORD0383,Customer 383,customer383@example.com,Vijayawada,Grocery,Snacks,2025-05-13,7,Credit Card,1934.5
ORD0384,Customer 384,customer384@example.com,Pune,Books,Textbook,2025-12-14,8,Net Banking,9358.31
ORD0385,Customer 385,customer385@example.com,Pune,Books,Textbook,2025-02-23,6,Debit Card,7916.69
ORD0386,Customer 386,customer386@example.com,Visakhapatnam,Grocery,Rice,2025-06-28,2,Debit Card,2559.03
ORD0387,Customer 387,customer387@example.com,Chennai,Clothing,Shoes,2025-09-01,4,Upi,10042.23
ORD0388,Customer 388,customer388@example.com,Hyderabad,Grocery,Oil,2025-12-30,6,Upi,3836.43
ORD0389,Customer 389,customer389@example.com,Visakhapatnam,Electronics,Smartphone,2025-05-05,2,Net Banking,45558.83
ORD0390,Customer 390,customer390@example.com,Pune,Furniture,Desk,2025-04-29,6,Cash,49533.38250000001
ORD0391,Customer 391,customer391@example.com,Kolkata,Furniture,Desk,2025-04-12,7,Cash,49533.38250000001
ORD0392,Customer 392,customer392@example.com,Tadepalligudem,Books,Comics,2025-04-16,7,Debit Card,2207.18
ORD0393,Customer 393,customer393@example.com,Tadepalligudem,Electronics,Laptop,2025-08-23,3,Upi,49533.38250000001
ORD0394,Customer 394,customer394@example.com,Kolkata,Clothing,Shoes,2025-07-20,6,Net Banking,15290.91
ORD0395,Customer 395,customer395@example.com,Kolkata,Electronics,Smartphone,2025-03-30,6,Debit Card,49533.38250000001
ORD0396,Customer 396,customer396@example.com,Tadepalligudem,Books,Novel,2025-06-06,3,Upi,1443.96
ORD0397,Customer 397,customer397@example.com,Mumbai,Furniture,Bookshelf,2025-11-02,3,Credit Card,21045.46
ORD0398,Customer 398,customer398@example.com,Delhi,Books,Comics,2025-12-22,7,Credit Card,2296.02
ORD0399,Customer 399,customer399@example.com,Visakhapatnam,Books,Textbook,2025-06-11,8,Cash,9194.56
ORD0400,Customer 400,customer400@example.com,Pune,Books,Novel,2025-03-11,6,Credit Card,3271.11
ORD0401,Customer 401,customer401@example.com,Mumbai,Grocery,Oil,2025-12-30,7,Cash,5081.0
ORD0402,Customer 402,customer402@example.com,Tadepalligudem,Grocery,Coffee,2025-05-30,2,Upi,911.77
ORD0403,Customer 403,customer403@example.com,Pune,Clothing,Jeans,2025-10-17,5,Cash,8402.78
ORD0404,Customer 404,customer404@example.com,Delhi,Books,Novel,2025-07-07,2,Net Banking,953.58
ORD0405,Customer 405,customer405@example.com,Vijayawada,Electronics,Keyboard,2025-12-01,4,Credit Card,7905.28
ORD0406,Customer 406,customer406@example.com,Vijayawada,Clothing,T-Shirt,2025-08-13,8,Upi,6096.4
ORD0407,Customer 407,customer407@example.com,Kolkata,Furniture,Desk,2025-11-20,6,Cash,49533.38250000001
ORD0408,Customer 408,customer408@example.com,Hyderabad,Furniture,Desk,2025-10-19,4,Debit Card,36132.0
ORD0409,Customer 409,customer409@example.com,Bengaluru,Books,Notebook,2025-05-29,3,Net Banking,434.13
ORD0410,Customer 410,customer410@example.com,Mumbai,Clothing,T-Shirt,2025-01-31,3,Debit Card,2622.13
ORD0411,Customer 411,customer411@example.com,Chennai,Furniture,Desk,2025-05-07,4,Cash,31594.46
ORD0412,Customer 412,customer412@example.com,Mumbai,Grocery,Coffee,2025-08-20,5,Upi,2307.52
ORD0413,Customer 413,customer413@example.com,Chennai,Electronics,Keyboard,2025-08-21,5,Cash,9350.47
ORD0414,Customer 414,customer414@example.com,Pune,Clothing,T-Shirt,2025-11-22,2,Debit Card,1673.9
ORD0415,Customer 415,customer415@example.com,Tadepalligudem,Electronics,Keyboard,2025-09-11,4,Debit Card,7874.11
ORD0416,Customer 416,customer416@example.com,Visakhapatnam,Clothing,Jacket,2025-10-17,6,Cash,19381.67
ORD0417,Customer 417,customer417@example.com,Pune,Clothing,T-Shirt,2025-01-09,1,Upi,735.93
ORD0418,Customer 418,customer418@example.com,Mumbai,Furniture,Table,2025-04-14,8,Credit Card,46807.03
ORD0419,Customer 419,customer419@example.com,Chennai,Clothing,Jeans,2025-05-09,5,Upi,8268.01
ORD0420,Customer 420,customer420@example.com,Bengaluru,Clothing,Jeans,2025-12-25,1,Credit Card,1762.68
ORD0421,Customer 421,customer421@example.com,Pune,Grocery,Rice,2025-02-09,2,Credit Card,2160.52
ORD0422,Customer 422,customer422@example.com,Chennai,Books,Textbook,2025-03-03,8,Cash,8657.83
ORD0423,Customer 423,customer423@example.com,Vijayawada,Furniture,Table,2025-02-22,2,Upi,12295.26
ORD0424,Customer 424,customer424@example.com,Visakhapatnam,Clothing,Jacket,2025-11-25,5,Credit Card,14838.81
ORD0425,Customer 425,customer425@example.com,Tadepalligudem,Electronics,Laptop,2025-11-18,3,Credit Card,49533.38250000001
ORD0426,Customer 426,customer426@example.com,Vijayawada,Grocery,Oil,2025-03-13,4,Upi,2568.55
ORD0427,Customer 427,customer427@example.com,Chennai,Books,Comics,2025-03-13,6,Credit Card,2294.56
ORD0428,Customer 428,customer428@example.com,Kolkata,Clothing,T-Shirt,2025-11-08,4,Debit Card,3234.17
ORD0429,Customer 429,customer429@example.com,Delhi,Electronics,Smartphone,2025-04-07,4,Cash,49533.38250000001
ORD0430,Customer 430,customer430@example.com,Vijayawada,Clothing,T-Shirt,2025-05-04,4,Cash,3196.73
ORD0431,Customer 431,customer431@example.com,Chennai,Books,Novel,2025-03-09,1,Cash,548.69
ORD0432,Customer 432,customer432@example.com,Visakhapatnam,Books,Comics,2025-08-30,6,Upi,2119.47
ORD0433,Customer 433,customer433@example.com,Hyderabad,Electronics,Laptop,2025-01-31,1,Cash,49533.38250000001
ORD0434,Customer 434,customer434@example.com,Mumbai,Books,Notebook,2025-02-12,7,Net Banking,1033.95
ORD0435,Customer 435,customer435@example.com,Vijayawada,Books,Textbook,2025-09-19,5,Credit Card,5500.32
ORD0436,Customer 436,customer436@example.com,Vijayawada,Furniture,Bookshelf,2025-06-08,7,Cash,49533.38250000001
ORD0437,Customer 437,customer437@example.com,Mumbai,Furniture,Chair,2025-03-01,4,Cash,16510.37
ORD0438,Customer 438,customer438@example.com,Visakhapatnam,Books,Novel,2025-03-03,5,Upi,2583.04
ORD0439,Customer 439,customer439@example.com,Chennai,Furniture,Chair,2025-09-25,3,Net Banking,13490.31
ORD0440,Customer 440,customer440@example.com,Bengaluru,Clothing,Jeans,2025-03-02,6,Upi,9994.17
ORD0441,Customer 441,customer441@example.com,Bengaluru,Clothing,Shoes,2025-12-31,5,Net Banking,12559.64
ORD0442,Customer 442,customer442@example.com,Hyderabad,Electronics,Keyboard,2025-09-13,8,Net Banking,14431.05
ORD0443,Customer 443,customer443@example.com,Vijayawada,Furniture,Bookshelf,2025-10-21,3,Upi,19971.49
ORD0444,Customer 444,customer444@example.com,Hyderabad,Furniture,Chair,2025-05-06,1,Upi,4822.82
ORD0445,Customer 445,customer445@example.com,Visakhapatnam,Grocery,Snacks,2025-01-19,7,Net Banking,2276.5
ORD0446,Customer 446,customer446@example.com,Chennai,Grocery,Coffee,2025-05-19,6,Upi,2564.06
ORD0447,Customer 447,customer447@example.com,Hyderabad,Books,Notebook,2025-04-02,2,Credit Card,300.12
ORD0448,Customer 448,customer448@example.com,Pune,Books,Novel,2025-05-25,7,Debit Card,3198.25
ORD0449,Customer 449,customer449@example.com,Tadepalligudem,Clothing,T-Shirt,2025-05-30,8,Net Banking,5770.2
ORD0450,Customer 450,customer450@example.com,Pune,Clothing,Jeans,2025-04-11,8,Net Banking,14020.63
ORD0451,Customer 451,customer451@example.com,Hyderabad,Furniture,Desk,2025-04-30,1,Net Banking,9235.08
ORD0452,Customer 452,customer452@example.com,Mumbai,Clothing,T-Shirt,2025-06-07,6,Upi,4321.4
ORD0453,Customer 453,customer453@example.com,Hyderabad,Furniture,Desk,2025-03-14,7,Debit Card,49533.38250000001
ORD0454,Customer 454,customer454@example.com,Delhi,Electronics,Laptop,2025-07-31,4,Debit Card,49533.38250000001
ORD0455,Customer 455,customer455@example.com,Mumbai,Grocery,Rice,2025-02-08,2,Net Banking,2402.61
ORD0456,Customer 456,customer456@example.com,Visakhapatnam,Books,Novel,2025-05-02,7,Debit Card,3613.71
ORD0457,Customer 457,customer457@example.com,Chennai,Clothing,Jacket,2025-06-12,7,Cash,23299.25
ORD0458,Customer 458,customer458@example.com,Visakhapatnam,Clothing,Jeans,2025-10-27,2,Upi,3919.36
ORD0459,Customer 459,customer459@example.com,Chennai,Furniture,Chair,2025-07-28,3,Upi,13363.83
ORD0460,Customer 460,customer460@example.com,Pune,Books,Notebook,2025-05-16,4,Upi,594.23
ORD0461,Customer 461,customer461@example.com,Kolkata,Electronics,Headphones,2025-01-21,5,Credit Card,13315.97
ORD0462,Customer 462,customer462@example.com,Chennai,Clothing,Jeans,2025-07-22,2,Net Banking,3752.03
ORD0463,Customer 463,customer463@example.com,Visakhapatnam,Electronics,Smartphone,2025-01-16,5,Cash,49533.38250000001
ORD0464,Customer 464,customer464@example.com,Visakhapatnam,Grocery,Coffee,2025-03-04,2,Upi,893.17
ORD0465,Customer 465,customer465@example.com,Mumbai,Electronics,Headphones,2025-07-10,3,Upi,7047.2
ORD0466,Customer 466,customer466@example.com,Vijayawada,Books,Notebook,2025-04-12,2,Cash,271.31
ORD0467,Customer 467,customer467@example.com,Pune,Furniture,Chair,2025-01-26,6,Credit Card,24961.65
ORD0468,Customer 468,customer468@example.com,Mumbai,Books,Comics,2025-12-16,7,Cash,2448.1
ORD0469,Customer 469,customer469@example.com,Bengaluru,Furniture,Bookshelf,2025-05-24,4,Cash,30286.5
ORD0470,Customer 470,customer470@example.com,Pune,Furniture,Chair,2025-07-30,4,Net Banking,18530.2
ORD0471,Customer 471,customer471@example.com,Visakhapatnam,Grocery,Rice,2025-08-03,2,Credit Card,2294.29
ORD0472,Customer 472,customer472@example.com,Chennai,Books,Textbook,2025-09-03,1,Net Banking,1317.46
ORD0473,Customer 473,customer473@example.com,Visakhapatnam,Grocery,Snacks,2025-01-14,6,Debit Card,1759.82
ORD0474,Customer 474,customer474@example.com,Bengaluru,Books,Textbook,2025-01-30,1,Cash,1294.98
ORD0475,Customer 475,customer475@example.com,Vijayawada,Books,Notebook,2025-05-07,4,Credit Card,656.88
ORD0476,Customer 476,customer476@example.com,Mumbai,Clothing,T-Shirt,2025-07-01,4,Credit Card,3248.44
ORD0477,Customer 477,customer477@example.com,Chennai,Furniture,Desk,2025-10-30,6,Upi,49533.38250000001
ORD0478,Customer 478,customer478@example.com,Pune,Clothing,Jeans,2025-10-05,4,Debit Card,7684.84
ORD0479,Customer 479,customer479@example.com,Tadepalligudem,Furniture,Table,2025-11-05,1,Credit Card,5967.33
ORD0480,Customer 480,customer480@example.com,Kolkata,Electronics,Keyboard,2025-04-14,1,Credit Card,1739.42
ORD0481,Customer 481,customer481@example.com,Visakhapatnam,Clothing,Jeans,2025-10-28,6,Credit Card,9848.64
ORD0482,Customer 482,customer482@example.com,Mumbai,Electronics,Smartphone,2025-10-28,2,Upi,42887.6
ORD0483,Customer 483,customer483@example.com,Visakhapatnam,Clothing,Jacket,2025-08-12,6,Cash,17803.97
ORD0484,Customer 484,customer484@example.com,Kolkata,Clothing,Jeans,2025-03-31,6,Cash,10202.19
ORD0485,Customer 485,customer485@example.com,Hyderabad,Clothing,Jacket,2025-12-26,3,Net Banking,8981.2
ORD0486,Customer 486,customer486@example.com,Kolkata,Grocery,Rice,2025-04-24,3,Net Banking,3673.72
ORD0487,Customer 487,customer487@example.com,Vijayawada,Electronics,Keyboard,2025-05-02,3,Debit Card,5217.66
ORD0488,Customer 488,customer488@example.com,Chennai,Clothing,Jeans,2025-08-17,2,Upi,3831.6
ORD0489,Customer 489,customer489@example.com,Chennai,Clothing,Jeans,2025-05-12,4,Upi,7478.17
ORD0490,Customer 490,customer490@example.com,Mumbai,Electronics,Laptop,2025-03-27,7,Cash,49533.38250000001
ORD0491,Customer 491,customer491@example.com,Vijayawada,Grocery,Oil,2025-09-03,6,Net Banking,4238.66
ORD0492,Customer 492,customer492@example.com,Hyderabad,Furniture,Desk,2025-05-31,8,Upi,49533.38250000001
ORD0493,Customer 493,customer493@example.com,Visakhapatnam,Clothing,Jacket,2025-07-12,2,Credit Card,5854.98
ORD0494,Customer 494,customer494@example.com,Kolkata,Electronics,Laptop,2025-09-05,6,Upi,49533.38250000001
ORD0495,Customer 495,customer495@example.com,Vijayawada,Grocery,Coffee,2025-06-19,7,Credit Card,2933.98
ORD0496,Customer 496,customer496@example.com,Bengaluru,Furniture,Table,2025-05-02,5,Upi,33543.89
ORD0497,Customer 497,customer497@example.com,Chennai,Electronics,Keyboard,2025-01-02,8,Cash,13402.34
ORD0498,Customer 498,customer498@example.com,Hyderabad,Electronics,Smartphone,2025-04-16,8,Credit Card,49533.38250000001
ORD0499,Customer 499,customer499@example.com,Bengaluru,Clothing,T-Shirt,2025-07-23,8,Cash,6840.02
ORD0500,Customer 500,customer500@example.com,Mumbai,Grocery,Snacks,2025-04-05,2,Debit Card,617.02
